{
    "loss": 0.07191683351993561,
    "accuracy": 0.9607843160629272
}